[{"hname":"tyty","phone":"fhg","email":"jahidh101894@gmail.com","address":"aaaaaa","uname":"fhf","password":"1234567@"},{"hname":"tyty","phone":"fdg","email":"jahidh101894@gmail.com","address":"gfdgh","uname":"admin","password":"1234567@"},{"hname":"abc","phone":"01771779999","email":"jahidh101894@gmail.com","address":"asddfgh","uname":"bob","password":"12345678@"},{"hname":"xyz","phone":"01866558833","email":"jahidh101894@gmail.com","address":"kjhggss","uname":"abc","password":"9876543@"},{"hname":"gfdg","phone":"12345678","email":"jahidh101894@gmail.com","address":"ytuyt","uname":"tyryryryryry","password":"7654321@"},{"hname":"abid","phone":"0199999999","email":"jahidh101894@gmail.com","address":"Dhaka","uname":"asdf","password":"1234567@"},{"hname":"tyty","phone":"2222222233","email":"jahidh101894@gmail.com","address":"ytuyt","uname":"tttttt","password":"12345678@"}]