[{"hospital_name":"Dhaka medical college hospital","address":"dhaka","hphone_no":"123456789"},{"hospital_name":"fgg","address":"rhrh","hphone_no":"fhf"},{"hospital_name":"fgg","address":"rhrh","hphone_no":"sss"},{"hospital_name":"dgh","address":"gh","hphone_no":"534"},{"hospital_name":"fgg","address":"dhaka","hphone_no":"fhf"},{"hospital_name":"123","address":"aaa","hphone_no":"534"},{"hospital_name":"fgg","address":"dhaka","hphone_no":"fhf"},{"hospital_name":"dgh","address":"sss","hphone_no":"534"},{"hospital_name":"bvc","address":"nvh","hphone_no":"jg"},{"hospital_name":"kj","address":"kj","hphone_no":"kj"}]