[{"name":"Anik Kumar Paul","gender":"male","designation":"Student","blood_group":"a+","phone_no":"01834532824"},{"name":"Anik Kumar Paul","gender":"d","designation":"w","blood_group":"ss","phone_no":"tgtg"},{"name":"mbn hb","gender":"y","designation":"dddd","blood_group":"w","phone_no":"ddd"},{"name":"Anik Kumar Paul","gender":"a","designation":"as","blood_group":"as","phone_no":"018574"},{"name":"Anik Kumar Paul","gender":"male","designation":"Student","blood_group":"tgtg","phone_no":"tgtg"},{"name":"mbn  \/.\/","gender":"male","designation":"w","blood_group":"as","phone_no":"01834532824"},{"name":"d","gender":"male","designation":"Student","blood_group":"a+","phone_no":"tgtg"},{"name":"d","gender":"male","designation":"as","blood_group":"as","phone_no":"as"}]